{
  "project_info": {
    "project_number": "557625692662",
    "firebase_url": "https://lifehover-88a79.firebaseio.com",
    "project_id": "lifehover-88a79",
    "storage_bucket": "lifehover-88a79.appspot.com"
  },
  "client": [
    {
      "client_info": {
        "mobilesdk_app_id": "1:557625692662:android:710270ec47f827be",
        "android_client_info": {
          "package_name": "com.lifehover"
        }
      },
      "oauth_client": [
        {
          "client_id": "557625692662-lb4m375k6mfod71lihk7tc29fm1ehqca.apps.googleusercontent.com",
          "client_type": 1,
          "android_info": {
            "package_name": "com.lifehover",
            "certificate_hash": "52aeb1d097c61d650047c1e016009de6b28dec09"
          }
        },
        {
          "client_id": "557625692662-dqg66m62lo9lp5sm4ogs3tljtth8fel8.apps.googleusercontent.com",
          "client_type": 1,
          "android_info": {
            "package_name": "com.lifehover",
            "certificate_hash": "f24282ee903020905207d46fa1a172b24e8f0580"
          }
        },
        {
          "client_id": "557625692662-5m7i0u6m44vm3j1sm41cegi0n9b13qpv.apps.googleusercontent.com",
          "client_type": 3
        }
      ],
      "api_key": [
        {
          "current_key": "AIzaSyDQjc9ihlhQ3uZ95PfZ2nAFvKBv5pPtYm8"
        }
      ],
      "services": {
        "analytics_service": {
          "status": 1
        },
        "appinvite_service": {
          "status": 2,
          "other_platform_oauth_client": [
            {
              "client_id": "557625692662-5m7i0u6m44vm3j1sm41cegi0n9b13qpv.apps.googleusercontent.com",
              "client_type": 3
            }
          ]
        },
        "ads_service": {
          "status": 2
        }
      }
    },
    {
      "client_info": {
        "mobilesdk_app_id": "1:557625692662:android:54407f0eb3f48aab",
        "android_client_info": {
          "package_name": "com.lifehoverdriver.android"
        }
      },
      "oauth_client": [
        {
          "client_id": "557625692662-3s2tk3nv5iu08ntn2bddbmniuua9je9b.apps.googleusercontent.com",
          "client_type": 1,
          "android_info": {
            "package_name": "com.lifehoverdriver.android",
            "certificate_hash": "c31dc00bd627b4d8111a50dc35a3292fa633b0a2"
          }
        },
        {
          "client_id": "557625692662-ak59jj0v785i2s66m0kf0661m87crja4.apps.googleusercontent.com",
          "client_type": 1,
          "android_info": {
            "package_name": "com.lifehoverdriver.android",
            "certificate_hash": "2ff3c5e977b021c32cf255032b80503260a28dcb"
          }
        },
        {
          "client_id": "557625692662-0ge4c5q1ofljudl59n2vo3umjpnfj273.apps.googleusercontent.com",
          "client_type": 1,
          "android_info": {
            "package_name": "com.lifehoverdriver.android",
            "certificate_hash": "f24282ee903020905207d46fa1a172b24e8f0580"
          }
        },
        {
          "client_id": "557625692662-5m7i0u6m44vm3j1sm41cegi0n9b13qpv.apps.googleusercontent.com",
          "client_type": 3
        }
      ],
      "api_key": [
        {
          "current_key": "AIzaSyDQjc9ihlhQ3uZ95PfZ2nAFvKBv5pPtYm8"
        }
      ],
      "services": {
        "analytics_service": {
          "status": 1
        },
        "appinvite_service": {
          "status": 2,
          "other_platform_oauth_client": [
            {
              "client_id": "557625692662-5m7i0u6m44vm3j1sm41cegi0n9b13qpv.apps.googleusercontent.com",
              "client_type": 3
            }
          ]
        },
        "ads_service": {
          "status": 2
        }
      }
    },
    {
      "client_info": {
        "mobilesdk_app_id": "1:557625692662:android:e156a0d275c58e65",
        "android_client_info": {
          "package_name": "com.lifehovermanager"
        }
      },
      "oauth_client": [
        {
          "client_id": "557625692662-ms8mjq2be6c7clrj0v9fohr51ebch61v.apps.googleusercontent.com",
          "client_type": 1,
          "android_info": {
            "package_name": "com.lifehovermanager",
            "certificate_hash": "c31dc00bd627b4d8111a50dc35a3292fa633b0a2"
          }
        },
        {
          "client_id": "557625692662-ssbq9mh4lj1ff5oje4qd5kt45ef0r19m.apps.googleusercontent.com",
          "client_type": 1,
          "android_info": {
            "package_name": "com.lifehovermanager",
            "certificate_hash": "f24282ee903020905207d46fa1a172b24e8f0580"
          }
        },
        {
          "client_id": "557625692662-5m7i0u6m44vm3j1sm41cegi0n9b13qpv.apps.googleusercontent.com",
          "client_type": 3
        }
      ],
      "api_key": [
        {
          "current_key": "AIzaSyDQjc9ihlhQ3uZ95PfZ2nAFvKBv5pPtYm8"
        }
      ],
      "services": {
        "analytics_service": {
          "status": 1
        },
        "appinvite_service": {
          "status": 2,
          "other_platform_oauth_client": [
            {
              "client_id": "557625692662-5m7i0u6m44vm3j1sm41cegi0n9b13qpv.apps.googleusercontent.com",
              "client_type": 3
            }
          ]
        },
        "ads_service": {
          "status": 2
        }
      }
    },
    {
      "client_info": {
        "mobilesdk_app_id": "1:557625692662:android:cf9f215dd6420f0d",
        "android_client_info": {
          "package_name": "com.medulance.driver"
        }
      },
      "oauth_client": [
        {
          "client_id": "557625692662-rn2tst20nffk9ecv8rna41m0nfeg7p1h.apps.googleusercontent.com",
          "client_type": 1,
          "android_info": {
            "package_name": "com.medulance.driver",
            "certificate_hash": "a31bdf78b00c5249c37db85500a8668aeac2bf95"
          }
        },
        {
          "client_id": "557625692662-5m7i0u6m44vm3j1sm41cegi0n9b13qpv.apps.googleusercontent.com",
          "client_type": 3
        }
      ],
      "api_key": [
        {
          "current_key": "AIzaSyDQjc9ihlhQ3uZ95PfZ2nAFvKBv5pPtYm8"
        }
      ],
      "services": {
        "analytics_service": {
          "status": 1
        },
        "appinvite_service": {
          "status": 2,
          "other_platform_oauth_client": [
            {
              "client_id": "557625692662-5m7i0u6m44vm3j1sm41cegi0n9b13qpv.apps.googleusercontent.com",
              "client_type": 3
            }
          ]
        },
        "ads_service": {
          "status": 2
        }
      }
    }
  ],
  "configuration_version": "1"
}